,fecha,item,prediccion
0,2022-09-07,6549,8
1,2022-09-14,6549,8
2,2022-11-21,6451,6
3,2022-11-28,6451,6
4,2022-11-29,6451,8
5,2022-12-03,6523,11
6,2022-12-05,3880,161
7,2022-12-05,5403,8
8,2022-12-05,6451,5
9,2022-12-05,1084,340
10,2022-12-05,6523,13
11,2022-12-05,417,75
12,2022-12-06,900,397
13,2022-12-06,6451,8
14,2022-12-06,6425,14
15,2022-12-07,3880,198
16,2022-12-07,417,71
17,2022-12-08,417,75
18,2022-12-08,968,251
19,2022-12-09,5404,17
20,2022-12-09,417,72
21,2022-12-09,6286,94
22,2022-12-09,968,230
23,2022-12-09,6425,13
24,2022-12-10,417,75
25,2022-12-10,6425,23
26,2022-12-10,6451,11
27,2022-12-10,3960,259
28,2022-12-10,5403,24
29,2022-12-10,968,242
30,2022-12-10,6523,11
31,2022-12-10,1084,337
32,2022-12-11,5403,14
33,2022-12-11,6523,11
34,2022-12-11,1043,245
35,2022-12-11,6286,200
36,2022-12-11,1084,411
37,2022-12-11,417,70
38,2022-12-11,3960,321
39,2022-12-12,6523,9
40,2022-12-12,417,70
41,2022-12-12,3880,165
42,2022-12-12,6549,3
43,2022-12-12,1043,136
44,2022-12-12,6451,7
45,2022-12-12,1084,353
46,2022-12-12,5803,59
47,2022-12-13,6549,6
48,2022-12-13,3880,152
49,2022-12-13,417,87
50,2022-12-13,900,307
51,2022-12-13,6451,8
52,2022-12-13,968,213
53,2022-12-13,5404,6
54,2022-12-13,6286,85
55,2022-12-13,6425,14
56,2022-12-13,5803,42
57,2022-12-14,1043,180
58,2022-12-14,3880,168
59,2022-12-14,6425,14
60,2022-12-14,3960,228
61,2022-12-14,968,222
62,2022-12-14,900,541
63,2022-12-14,1084,331
64,2022-12-14,6286,72
65,2022-12-14,5803,62
66,2022-12-14,417,66
67,2022-12-15,3960,232
68,2022-12-15,5803,101
69,2022-12-15,5404,11
70,2022-12-15,3880,194
71,2022-12-15,1084,343
72,2022-12-15,900,332
73,2022-12-15,6286,97
74,2022-12-15,417,77
75,2022-12-15,968,261
76,2022-12-15,6425,14
77,2022-12-16,417,75
78,2022-12-16,6286,93
79,2022-12-16,968,245
80,2022-12-16,6523,13
81,2022-12-16,5404,19
82,2022-12-16,5403,17
83,2022-12-16,5803,84
84,2022-12-16,6425,14
85,2022-12-16,1084,258
86,2022-12-16,900,309
87,2022-12-17,6286,123
88,2022-12-17,968,202
89,2022-12-17,6451,15
90,2022-12-17,1084,345
91,2022-12-17,5403,22
92,2022-12-17,3960,302
93,2022-12-17,6425,16
94,2022-12-17,6523,16
95,2022-12-17,417,72
96,2022-12-17,5803,94
97,2022-12-17,900,335
98,2022-12-17,3880,213
99,2022-12-17,1043,184
100,2022-12-18,3880,221
101,2022-12-18,1043,209
102,2022-12-18,5404,13
103,2022-12-18,417,75
104,2022-12-18,6523,15
105,2022-12-18,1084,442
106,2022-12-18,968,312
107,2022-12-18,5403,16
108,2022-12-18,6451,13
109,2022-12-18,5803,138
110,2022-12-18,3960,349
111,2022-12-18,6425,20
112,2022-12-18,6286,152
113,2022-12-18,6549,19
114,2022-12-19,1084,362
115,2022-12-19,417,72
116,2022-12-19,5803,63
117,2022-12-19,3880,156
118,2022-12-19,6523,11
119,2022-12-19,6451,6
120,2022-12-19,5404,8
121,2022-12-19,1043,165
122,2022-12-20,968,246
123,2022-12-20,3880,145
124,2022-12-20,5803,92
125,2022-12-20,900,299
126,2022-12-20,6286,86
127,2022-12-20,6451,6
128,2022-12-20,417,70
129,2022-12-20,5404,6
130,2022-12-20,6425,9
131,2022-12-21,3880,162
132,2022-12-21,900,351
133,2022-12-21,5404,7
134,2022-12-21,1043,160
135,2022-12-21,417,70
136,2022-12-21,6286,90
137,2022-12-21,5803,76
138,2022-12-21,6451,7
139,2022-12-21,3960,247
140,2022-12-21,968,238
141,2022-12-21,6523,12
142,2022-12-21,1084,337
143,2022-12-21,6425,12
144,2022-12-22,5404,6
145,2022-12-22,417,74
146,2022-12-22,1084,321
147,2022-12-22,5803,93
148,2022-12-22,6286,80
149,2022-12-22,900,476
150,2022-12-22,6425,14
151,2022-12-22,3960,226
152,2022-12-22,968,247
153,2022-12-22,3880,147
154,2022-12-23,5404,18
155,2022-12-23,6451,8
156,2022-12-23,5403,14
157,2022-12-23,968,198
158,2022-12-23,900,312
159,2022-12-23,1084,303
160,2022-12-23,5803,75
161,2022-12-23,6286,84
162,2022-12-23,6523,11
163,2022-12-23,6425,12
164,2022-12-23,417,69
165,2022-12-24,5803,98
166,2022-12-24,6425,20
167,2022-12-24,5403,21
168,2022-12-24,417,66
169,2022-12-24,3960,315
170,2022-12-24,1043,219
171,2022-12-24,1084,330
172,2022-12-24,6523,13
173,2022-12-24,3880,204
174,2022-12-24,900,394
175,2022-12-24,968,215
176,2022-12-24,6286,127
177,2022-12-24,6451,10
178,2022-12-25,417,67
179,2022-12-25,3960,337
180,2022-12-25,5803,116
181,2022-12-25,6451,16
182,2022-12-25,1084,388
183,2022-12-25,6523,14
184,2022-12-25,5403,17
185,2022-12-25,6286,190
186,2022-12-25,6549,15
187,2022-12-25,968,287
188,2022-12-25,900,463
189,2022-12-25,3880,211
190,2022-12-25,5404,13
191,2022-12-25,1043,202
192,2022-12-25,6425,22
193,2022-12-26,3960,220
194,2022-12-26,6425,15
195,2022-12-26,900,385
196,2022-12-26,968,262
197,2022-12-26,6451,7
198,2022-12-26,417,79
199,2022-12-26,6549,6
200,2022-12-26,1084,368
201,2022-12-26,5404,6
202,2022-12-26,3880,154
203,2022-12-26,5403,4
204,2022-12-26,5803,61
205,2022-12-26,6286,96
206,2022-12-26,6523,9
207,2022-12-26,1043,166
208,2022-12-27,900,288
209,2022-12-27,6286,86
210,2022-12-27,5403,10
211,2022-12-27,5404,6
212,2022-12-27,1043,127
213,2022-12-27,5803,97
214,2022-12-27,968,271
215,2022-12-27,6451,8
216,2022-12-27,6425,9
217,2022-12-27,1084,380
218,2022-12-27,417,54
219,2022-12-27,3960,211
220,2022-12-27,3880,158
221,2022-12-28,5404,5
222,2022-12-28,1043,134
223,2022-12-28,3880,140
224,2022-12-28,6286,84
225,2022-12-28,5803,88
226,2022-12-28,900,346
227,2022-12-28,6451,9
228,2022-12-28,3960,227
229,2022-12-28,6425,12
230,2022-12-28,968,231
231,2022-12-28,5403,7
232,2022-12-28,417,74
233,2022-12-28,1084,335
234,2022-12-28,6523,7
235,2022-12-29,900,441
236,2022-12-29,6425,14
237,2022-12-29,968,219
238,2022-12-29,5803,95
239,2022-12-29,417,66
240,2022-12-29,3960,232
241,2022-12-29,6451,7
242,2022-12-29,1084,310
243,2022-12-29,5404,7
244,2022-12-29,3880,199
245,2022-12-29,1043,162
246,2022-12-29,6286,86
247,2022-12-30,3880,135
248,2022-12-30,5404,18
249,2022-12-30,5403,14
250,2022-12-30,1084,314
251,2022-12-30,6425,15
252,2022-12-30,1043,156
253,2022-12-30,3960,224
254,2022-12-30,6451,9
255,2022-12-30,900,312
256,2022-12-30,417,83
257,2022-12-30,5803,81
258,2022-12-30,6286,81
259,2022-12-30,968,233
260,2022-12-31,968,222
261,2022-12-31,6549,18
262,2022-12-31,1084,333
263,2022-12-31,3880,186
264,2022-12-31,417,68
265,2022-12-31,900,442
266,2022-12-31,1043,335
267,2022-12-31,6286,131
268,2022-12-31,6425,21
269,2022-12-31,5404,24
270,2022-12-31,5803,114
271,2022-12-31,3960,337
272,2022-12-31,5403,19
273,2023-01-01,6451,16
274,2023-01-01,5404,15
275,2023-01-01,900,390
276,2023-01-01,6549,16
277,2023-01-01,6523,13
278,2023-01-01,968,469
279,2023-01-01,1043,316
280,2023-01-01,417,58
281,2023-01-01,5803,147
282,2023-01-01,3880,241
283,2023-01-01,6425,19
284,2023-01-01,1084,387
285,2023-01-01,5403,16
286,2023-01-01,3960,340
287,2023-01-01,6286,190
288,2023-01-02,5404,10
289,2023-01-02,3880,167
290,2023-01-02,5403,6
291,2023-01-02,1084,316
292,2023-01-02,900,276
293,2023-01-02,6523,9
294,2023-01-02,6451,6
295,2023-01-02,5803,90
296,2023-01-02,3960,231
297,2023-01-02,1043,157
298,2023-01-02,968,293
299,2023-01-02,417,78
300,2023-01-02,6286,121
301,2023-01-02,6425,8
302,2023-01-03,5404,7
303,2023-01-03,417,75
304,2023-01-03,1043,186
305,2023-01-03,3960,214
306,2023-01-03,6286,87
307,2023-01-03,968,252
308,2023-01-03,6523,9
309,2023-01-03,5803,77
310,2023-01-03,6451,8
311,2023-01-03,1084,346
312,2023-01-03,6425,9
313,2023-01-03,900,83
314,2023-01-03,3880,156
315,2023-01-03,5403,9
316,2023-01-04,6451,8
317,2023-01-04,900,190
318,2023-01-04,417,67
319,2023-01-04,1043,160
320,2023-01-04,6523,8
321,2023-01-04,6286,66
322,2023-01-04,1084,342
323,2023-01-04,3880,171
324,2023-01-04,3960,200
325,2023-01-04,6425,11
326,2023-01-04,5803,61
327,2023-01-04,968,294
328,2023-01-04,5404,13
329,2023-01-04,5403,9
330,2023-01-05,3960,222
331,2023-01-05,417,67
332,2023-01-05,1084,324
333,2023-01-05,968,386
334,2023-01-05,6451,9
335,2023-01-05,3880,162
336,2023-01-05,1043,191
337,2023-01-05,6286,92
338,2023-01-05,5803,78
339,2023-01-05,5404,7
340,2023-01-05,6425,11
341,2023-01-05,900,488
342,2023-01-06,3880,125
343,2023-01-06,5803,90
344,2023-01-06,1084,265
345,2023-01-06,3960,255
346,2023-01-06,900,121
347,2023-01-06,417,72
348,2023-01-06,6451,14
349,2023-01-06,1043,241
350,2023-01-06,5404,16
351,2023-01-06,968,316
352,2023-01-06,6523,6
353,2023-01-06,6425,19
354,2023-01-06,5403,15
355,2023-01-07,6425,23
356,2023-01-07,417,93
357,2023-01-07,1084,368
358,2023-01-07,1043,292
359,2023-01-07,3960,320
360,2023-01-07,5803,135
361,2023-01-07,5403,30
362,2023-01-07,5404,22
363,2023-01-07,6523,10
364,2023-01-07,3880,200
365,2023-01-07,6286,145
366,2023-01-07,900,368
367,2023-01-07,968,264
368,2023-01-07,6451,11
369,2023-01-08,5403,12
370,2023-01-08,5404,15
371,2023-01-08,1043,372
372,2023-01-08,417,69
373,2023-01-08,6425,19
374,2023-01-08,1084,411
375,2023-01-08,5803,180
376,2023-01-08,3960,321
377,2023-01-08,6523,12
378,2023-01-08,3880,280
379,2023-01-08,900,481
380,2023-01-08,6286,228
381,2023-01-08,968,468
382,2023-01-08,6451,17
383,2023-01-09,3880,164
384,2023-01-09,3960,188
385,2023-01-09,1043,177
386,2023-01-09,5803,63
387,2023-01-09,5404,8
388,2023-01-09,968,288
389,2023-01-09,6286,99
390,2023-01-09,1084,357
391,2023-01-09,5403,4
392,2023-01-09,6523,9
393,2023-01-09,900,311
394,2023-01-09,6425,6
395,2023-01-09,417,73
396,2023-01-10,1084,315
397,2023-01-10,5803,59
398,2023-01-10,6286,79
399,2023-01-10,3960,182
400,2023-01-10,5403,6
401,2023-01-10,900,132
402,2023-01-10,417,66
403,2023-01-10,968,251
404,2023-01-10,6523,8
405,2023-01-10,6425,9
406,2023-01-10,3880,153
407,2023-01-10,1043,158
408,2023-01-10,6451,8
409,2023-01-11,968,255
410,2023-01-11,5803,62
411,2023-01-11,5403,9
412,2023-01-11,3960,192
413,2023-01-11,6451,8
414,2023-01-11,3880,167
415,2023-01-11,900,191
416,2023-01-11,6523,8
417,2023-01-11,1043,163
418,2023-01-11,1084,330
419,2023-01-11,417,70
420,2023-01-11,6425,14
421,2023-01-11,6286,67
422,2023-01-12,417,68
423,2023-01-12,6451,9
424,2023-01-12,968,332
425,2023-01-12,5404,8
426,2023-01-12,6425,9
427,2023-01-12,900,388
428,2023-01-12,3880,156
429,2023-01-12,3960,184
430,2023-01-12,6286,82
431,2023-01-12,1084,342
432,2023-01-12,5803,81
433,2023-01-12,1043,198
434,2023-01-13,1043,180
435,2023-01-13,5404,14
436,2023-01-13,5803,93
437,2023-01-13,900,168
438,2023-01-13,3880,134
439,2023-01-13,1084,327
440,2023-01-13,417,71
441,2023-01-13,6425,18
442,2023-01-13,3960,240
443,2023-01-13,968,248
444,2023-01-13,6451,11
445,2023-01-13,6286,89
446,2023-01-13,6523,11
447,2023-01-14,3960,332
448,2023-01-14,3880,176
449,2023-01-14,968,239
450,2023-01-14,417,66
451,2023-01-14,5803,135
452,2023-01-14,5403,23
453,2023-01-14,6451,13
454,2023-01-14,6286,145
455,2023-01-14,6425,21
456,2023-01-14,6549,17
457,2023-01-14,6523,11
458,2023-01-14,900,424
459,2023-01-14,5404,22
460,2023-01-14,1043,248
461,2023-01-14,1084,377
462,2023-01-15,3960,334
463,2023-01-15,1043,257
464,2023-01-15,5404,17
465,2023-01-15,900,471
466,2023-01-15,6286,249
467,2023-01-15,3880,187
468,2023-01-15,5403,12
469,2023-01-15,6549,15
470,2023-01-15,6425,21
471,2023-01-15,5803,152
472,2023-01-15,417,69
473,2023-01-15,1084,411
474,2023-01-15,6523,12
475,2023-01-15,6451,18
476,2023-01-15,968,377
477,2023-01-16,6425,6
478,2023-01-16,900,293
479,2023-01-16,3960,196
480,2023-01-16,6286,96
481,2023-01-16,5803,63
482,2023-01-16,1043,188
483,2023-01-16,1084,354
484,2023-01-16,5403,4
485,2023-01-16,5404,9
486,2023-01-16,6549,4
487,2023-01-16,968,279
488,2023-01-16,6451,5
489,2023-01-16,417,80
490,2023-01-16,3880,154
491,2023-01-17,6523,8
492,2023-01-17,6451,8
493,2023-01-17,1084,318
494,2023-01-17,900,197
495,2023-01-17,6549,6
496,2023-01-17,6425,9
497,2023-01-17,3960,190
498,2023-01-17,3880,150
499,2023-01-17,5803,50
500,2023-01-17,417,54
501,2023-01-17,1043,116
502,2023-01-17,5403,8
503,2023-01-17,6286,101
504,2023-01-17,968,241
505,2023-01-18,968,299
506,2023-01-18,6451,9
507,2023-01-18,1043,153
508,2023-01-18,6523,8
509,2023-01-18,417,71
510,2023-01-18,5403,9
511,2023-01-18,900,194
512,2023-01-18,5404,11
513,2023-01-18,5803,73
514,2023-01-18,1084,340
515,2023-01-18,6286,73
516,2023-01-18,3880,154
517,2023-01-18,6425,12
518,2023-01-18,3960,201
519,2023-01-19,900,379
520,2023-01-19,5803,97
521,2023-01-19,417,71
522,2023-01-19,1084,340
523,2023-01-19,3880,164
524,2023-01-19,3960,198
525,2023-01-19,6425,13
526,2023-01-19,6286,90
527,2023-01-19,1043,190
528,2023-01-19,6451,7
529,2023-01-19,968,393
530,2023-01-20,3880,158
531,2023-01-20,6523,6
532,2023-01-20,900,185
533,2023-01-20,6451,9
534,2023-01-20,5404,14
535,2023-01-20,1084,317
536,2023-01-20,6286,88
537,2023-01-20,3960,232
538,2023-01-20,417,65
539,2023-01-20,5403,10
540,2023-01-20,1043,184
541,2023-01-20,6425,18
542,2023-01-20,968,165
543,2023-01-20,5803,98
544,2023-01-21,6451,10
545,2023-01-21,3960,332
546,2023-01-21,5803,141
547,2023-01-21,1084,377
548,2023-01-21,6425,21
549,2023-01-21,900,450
550,2023-01-21,5403,20
551,2023-01-21,3880,187
552,2023-01-21,6549,17
553,2023-01-21,6286,142
554,2023-01-21,1043,222
555,2023-01-21,417,61
556,2023-01-21,6523,12
557,2023-01-21,968,261
558,2023-01-21,5404,30
559,2023-01-22,6523,13
560,2023-01-22,1043,199
561,2023-01-22,900,436
562,2023-01-22,3880,262
563,2023-01-22,6549,15
564,2023-01-22,6451,21
565,2023-01-22,968,412
566,2023-01-22,417,73
567,2023-01-22,5404,14
568,2023-01-22,1084,384
569,2023-01-22,6286,170
570,2023-01-22,5803,203
571,2023-01-22,3960,325
572,2023-01-22,6425,20
573,2023-01-22,5403,15
574,2023-01-23,1084,362
575,2023-01-23,3880,169
576,2023-01-23,6523,6
577,2023-01-23,6425,7
578,2023-01-23,5403,4
579,2023-01-23,5803,65
580,2023-01-23,900,271
581,2023-01-23,1043,177
582,2023-01-23,968,292
583,2023-01-23,5404,9
584,2023-01-23,417,81
585,2023-01-23,3960,220
586,2023-01-23,6286,106
587,2023-01-24,5404,9
588,2023-01-24,6451,8
589,2023-01-24,417,74
590,2023-01-24,6425,5
591,2023-01-24,3960,211
592,2023-01-24,968,280
593,2023-01-24,1084,347
594,2023-01-24,6523,10
595,2023-01-24,6286,88
596,2023-01-24,3880,124
597,2023-01-24,900,129
598,2023-01-24,5803,87
599,2023-01-24,5403,9
600,2023-01-24,1043,168
601,2023-01-25,968,288
602,2023-01-25,6286,69
603,2023-01-25,3960,224
604,2023-01-25,900,132
605,2023-01-25,6425,11
606,2023-01-25,417,72
607,2023-01-25,1084,356
608,2023-01-25,3880,180
609,2023-01-25,5403,8
610,2023-01-25,6523,7
611,2023-01-25,5803,77
612,2023-01-25,6451,9
613,2023-01-25,1043,170
614,2023-01-26,6425,12
615,2023-01-26,968,349
616,2023-01-26,3880,139
617,2023-01-26,5803,120
618,2023-01-26,3960,197
619,2023-01-26,6286,84
620,2023-01-26,417,68
621,2023-01-26,1084,351
622,2023-01-26,1043,194
623,2023-01-26,900,372
624,2023-01-26,6451,9
625,2023-01-27,1084,331
626,2023-01-27,6286,85
627,2023-01-27,5404,15
628,2023-01-27,6425,18
629,2023-01-27,417,70
630,2023-01-27,6451,7
631,2023-01-27,1043,167
632,2023-01-27,5803,96
633,2023-01-27,5403,11
634,2023-01-27,968,249
635,2023-01-27,900,155
636,2023-01-27,6523,13
637,2023-01-27,3880,158
638,2023-01-27,3960,235
639,2023-01-28,968,277
640,2023-01-28,6286,161
641,2023-01-28,5403,19
642,2023-01-28,417,83
643,2023-01-28,6451,11
644,2023-01-28,3880,147
645,2023-01-28,5404,27
646,2023-01-28,6425,21
647,2023-01-28,3960,339
648,2023-01-28,1043,274
649,2023-01-28,5803,146
650,2023-01-28,6523,12
651,2023-01-28,6549,17
652,2023-01-28,900,413
653,2023-01-28,1084,371
654,2023-01-29,1084,426
655,2023-01-29,3960,329
656,2023-01-29,6286,248
657,2023-01-29,6549,17
658,2023-01-29,5403,15
659,2023-01-29,5803,133
660,2023-01-29,6425,16
661,2023-01-29,5404,18
662,2023-01-29,968,377
663,2023-01-29,1043,222
664,2023-01-29,3880,290
665,2023-01-29,900,406
666,2023-01-29,417,66
667,2023-01-29,6523,13
668,2023-01-29,6451,18
669,2023-01-30,6549,5
670,2023-01-30,3880,163
671,2023-01-30,3960,219
672,2023-01-30,900,267
673,2023-01-30,1084,365
674,2023-01-30,968,278
675,2023-01-30,5404,8
676,2023-01-30,417,78
677,2023-01-30,6523,10
678,2023-01-30,1043,189
679,2023-01-30,5403,2
680,2023-01-30,5803,67
681,2023-01-30,6425,7
682,2023-01-30,6286,95
683,2023-01-31,900,134
684,2023-01-31,417,71
685,2023-01-31,1084,270
686,2023-01-31,5403,8
687,2023-01-31,6286,88
688,2023-01-31,3880,126
689,2023-01-31,3960,214
690,2023-01-31,5803,83
691,2023-01-31,6425,6
692,2023-01-31,1043,153
693,2023-01-31,5404,9
694,2023-01-31,968,280
695,2023-01-31,6523,7
696,2023-01-31,6451,8
697,2023-02-01,5803,74
698,2023-02-01,6286,75
699,2023-02-01,3960,189
700,2023-02-01,417,67
701,2023-02-01,6425,13
702,2023-02-01,968,319
703,2023-02-01,1084,370
704,2023-02-01,5403,9
705,2023-02-01,900,155
706,2023-02-01,1043,158
707,2023-02-01,6523,9
708,2023-02-01,6451,8
709,2023-02-01,3880,156
710,2023-02-01,5404,10
711,2023-02-02,6451,9
712,2023-02-02,3960,208
713,2023-02-02,3880,168
714,2023-02-02,417,68
715,2023-02-02,1084,331
716,2023-02-02,6425,9
717,2023-02-02,6286,107
718,2023-02-02,968,301
719,2023-02-02,5404,7
720,2023-02-02,900,337
721,2023-02-02,1043,164
722,2023-02-02,5803,114
723,2023-02-03,417,78
724,2023-02-03,5803,95
725,2023-02-03,6425,17
726,2023-02-03,3880,163
727,2023-02-03,5403,9
728,2023-02-03,6286,93
729,2023-02-03,968,223
730,2023-02-03,6523,11
731,2023-02-03,3960,245
732,2023-02-03,1043,168
733,2023-02-03,1084,299
734,2023-02-03,5404,13
735,2023-02-03,6451,9
736,2023-02-03,900,130
737,2023-02-04,6286,155
738,2023-02-04,5803,130
739,2023-02-04,3880,190
740,2023-02-04,5404,23
741,2023-02-04,1043,230
742,2023-02-04,6425,17
743,2023-02-04,5403,30
744,2023-02-04,417,73
745,2023-02-04,1084,359
746,2023-02-04,6451,12
747,2023-02-04,900,476
748,2023-02-04,3960,328
749,2023-02-04,6549,17
750,2023-02-04,6523,13
751,2023-02-04,968,232
752,2023-02-05,5403,16
753,2023-02-05,3880,291
754,2023-02-05,900,404
755,2023-02-05,1043,268
756,2023-02-05,417,70
757,2023-02-05,1084,388
758,2023-02-05,968,411
759,2023-02-05,6451,16
760,2023-02-05,3960,334
761,2023-02-05,6286,243
762,2023-02-05,6523,12
763,2023-02-05,6549,16
764,2023-02-05,5803,184
765,2023-02-05,6425,18
766,2023-02-05,5404,11
767,2023-02-06,6425,7
768,2023-02-06,3880,184
769,2023-02-06,417,78
770,2023-02-06,968,273
771,2023-02-06,6286,110
772,2023-02-06,1043,158
773,2023-02-06,6523,7
774,2023-02-06,5803,89
775,2023-02-06,6549,6
776,2023-02-06,1084,327
777,2023-02-06,3960,202
778,2023-02-06,900,270
779,2023-02-06,6451,7
780,2023-02-06,5403,4
781,2023-02-07,3880,143
782,2023-02-07,5404,8
783,2023-02-07,6286,96
784,2023-02-07,968,242
785,2023-02-07,900,144
786,2023-02-07,6451,7
787,2023-02-07,1084,270
788,2023-02-07,6523,6
789,2023-02-07,3960,203
790,2023-02-07,5803,79
791,2023-02-07,5403,7
792,2023-02-07,6425,7
793,2023-02-07,417,70
794,2023-02-07,1043,169
795,2023-02-08,3960,201
796,2023-02-08,900,393
797,2023-02-08,5404,7
798,2023-02-08,417,70
799,2023-02-08,6523,11
800,2023-02-08,6286,85
801,2023-02-08,5803,59
802,2023-02-08,3880,131
803,2023-02-08,6451,4
804,2023-02-08,1043,156
805,2023-02-08,968,279
806,2023-02-08,1084,330
807,2023-02-08,6425,9
808,2023-02-08,6549,6
809,2023-02-09,3960,157
810,2023-02-09,6425,8
811,2023-02-09,5404,6
812,2023-02-09,1043,188
813,2023-02-09,3880,179
814,2023-02-09,5803,99
815,2023-02-09,1084,314
816,2023-02-09,968,305
817,2023-02-09,900,294
818,2023-02-09,6286,108
819,2023-02-09,6451,9
820,2023-02-09,417,70
821,2023-02-10,3960,250
822,2023-02-10,5403,10
823,2023-02-10,6286,88
824,2023-02-10,5803,102
825,2023-02-10,5404,14
826,2023-02-10,1084,301
827,2023-02-10,1043,171
828,2023-02-10,417,72
829,2023-02-10,6451,11
830,2023-02-10,6523,14
831,2023-02-10,968,187
832,2023-02-10,6425,21
833,2023-02-10,3880,158
834,2023-02-10,900,161
835,2023-02-11,1043,197
836,2023-02-11,968,266
837,2023-02-11,1084,369
838,2023-02-11,5403,25
839,2023-02-11,5404,24
840,2023-02-11,417,74
841,2023-02-11,6286,135
842,2023-02-11,5803,135
843,2023-02-11,3960,290
844,2023-02-11,3880,186
845,2023-02-11,6549,17
846,2023-02-11,900,394
847,2023-02-11,6451,12
848,2023-02-11,6425,21
849,2023-02-11,6523,13
850,2023-02-12,5404,18
851,2023-02-12,6286,236
852,2023-02-12,6523,12
853,2023-02-12,3960,332
854,2023-02-12,5803,220
855,2023-02-12,6425,21
856,2023-02-12,3880,279
857,2023-02-12,5403,16
858,2023-02-12,417,70
859,2023-02-12,968,327
860,2023-02-12,900,420
861,2023-02-12,6451,21
862,2023-02-12,1043,249
863,2023-02-12,1084,399
864,2023-02-12,6549,16
865,2023-02-13,417,85
866,2023-02-13,968,254
867,2023-02-13,1084,352
868,2023-02-13,6523,7
869,2023-02-13,6451,5
870,2023-02-13,3960,189
871,2023-02-13,900,296
872,2023-02-13,3880,185
873,2023-02-13,6286,107
874,2023-02-13,6425,10
875,2023-02-13,5803,66
876,2023-02-13,1043,180
877,2023-02-13,5404,9
878,2023-02-14,3960,272
879,2023-02-14,6425,9
880,2023-02-14,417,84
881,2023-02-14,5803,136
882,2023-02-14,5403,7
883,2023-02-14,6523,13
884,2023-02-14,6286,118
885,2023-02-14,5404,9
886,2023-02-14,968,321
887,2023-02-14,900,266
888,2023-02-14,1043,190
889,2023-02-14,6451,7
890,2023-02-14,3880,180
891,2023-02-14,1084,334
892,2023-02-15,417,69
893,2023-02-15,3880,186
894,2023-02-15,6451,8
895,2023-02-15,1084,329
896,2023-02-15,5403,9
897,2023-02-15,6286,67
898,2023-02-15,3960,205
899,2023-02-15,900,200
900,2023-02-15,968,272
901,2023-02-15,5404,7
902,2023-02-15,6425,10
903,2023-02-15,5803,65
904,2023-02-15,6523,9
905,2023-02-15,1043,169
906,2023-02-16,417,67
907,2023-02-16,968,317
908,2023-02-16,6451,9
909,2023-02-16,6425,11
910,2023-02-16,3960,231
911,2023-02-16,5803,105
912,2023-02-16,1043,185
913,2023-02-16,1084,335
914,2023-02-16,3880,160
915,2023-02-16,5404,7
916,2023-02-16,900,301
917,2023-02-16,6286,112
918,2023-02-17,3880,145
919,2023-02-17,6425,18
920,2023-02-17,3960,238
921,2023-02-17,5403,12
922,2023-02-17,6523,10
923,2023-02-17,968,231
924,2023-02-17,6451,15
925,2023-02-17,900,202
926,2023-02-17,6286,95
927,2023-02-17,5803,99
928,2023-02-17,1084,267
929,2023-02-17,417,71
930,2023-02-17,5404,21
931,2023-02-17,1043,176
932,2023-02-18,3960,299
933,2023-02-18,5403,27
934,2023-02-18,900,453
935,2023-02-18,6425,20
936,2023-02-18,968,266
937,2023-02-18,1084,394
938,2023-02-18,3880,174
939,2023-02-18,6523,13
940,2023-02-18,6549,17
941,2023-02-18,417,72
942,2023-02-18,5803,135
943,2023-02-18,6286,135
944,2023-02-18,1043,188
945,2023-02-18,5404,26
946,2023-02-18,6451,12
947,2023-02-19,5803,188
948,2023-02-19,6523,13
949,2023-02-19,3880,251
950,2023-02-19,1084,423
951,2023-02-19,417,72
952,2023-02-19,6549,16
953,2023-02-19,6451,17
954,2023-02-19,5403,14
955,2023-02-19,3960,332
956,2023-02-19,5404,15
957,2023-02-19,6425,20
958,2023-02-19,900,596
959,2023-02-19,968,258
960,2023-02-19,6286,233
961,2023-02-19,1043,234
962,2023-02-20,6425,12
963,2023-02-20,1084,360
964,2023-02-20,5403,5
965,2023-02-20,900,267
966,2023-02-20,6286,97
967,2023-02-20,5803,62
968,2023-02-20,5404,8
969,2023-02-20,3960,202
970,2023-02-20,968,260
971,2023-02-20,6451,5
972,2023-02-20,6523,7
973,2023-02-20,3880,168
974,2023-02-20,1043,179
975,2023-02-20,417,77
976,2023-02-21,1084,320
977,2023-02-21,3960,203
978,2023-02-21,5803,75
979,2023-02-21,6425,9
980,2023-02-21,5404,8
981,2023-02-21,900,167
982,2023-02-21,417,71
983,2023-02-21,968,269
984,2023-02-21,6523,6
985,2023-02-21,1043,132
986,2023-02-21,3880,171
987,2023-02-21,6286,89
988,2023-02-21,5403,6
989,2023-02-21,6451,7
990,2023-02-22,1043,143
991,2023-02-22,3960,213
992,2023-02-22,6286,75
993,2023-02-22,968,263
994,2023-02-22,5803,72
995,2023-02-22,900,221
996,2023-02-22,1084,326
997,2023-02-22,6425,13
998,2023-02-22,5404,11
999,2023-02-22,3880,133
1000,2023-02-22,6451,9
1001,2023-02-22,417,72
1002,2023-02-22,5403,8
1003,2023-02-22,6523,8
1004,2023-02-23,3880,168
1005,2023-02-23,417,69
1006,2023-02-23,6425,12
1007,2023-02-23,5404,6
1008,2023-02-23,1043,190
1009,2023-02-23,1084,330
1010,2023-02-23,900,351
1011,2023-02-23,5803,83
1012,2023-02-23,968,307
1013,2023-02-23,6451,6
1014,2023-02-23,3960,189
1015,2023-02-23,6286,104
1016,2023-02-24,1084,281
1017,2023-02-24,6286,91
1018,2023-02-24,6425,18
1019,2023-02-24,5403,13
1020,2023-02-24,417,72
1021,2023-02-24,1043,182
1022,2023-02-24,900,219
1023,2023-02-24,5404,20
1024,2023-02-24,3880,167
1025,2023-02-24,6451,14
1026,2023-02-24,5803,97
1027,2023-02-24,968,224
1028,2023-02-24,3960,226
1029,2023-02-25,1043,242
1030,2023-02-25,6425,23
1031,2023-02-25,1084,403
1032,2023-02-25,968,267
1033,2023-02-25,3880,207
1034,2023-02-25,417,76
1035,2023-02-25,6549,17
1036,2023-02-25,5803,134
1037,2023-02-25,5403,21
1038,2023-02-25,5404,26
1039,2023-02-25,6451,9
1040,2023-02-25,3960,309
1041,2023-02-25,6523,12
1042,2023-02-25,900,569
1043,2023-02-25,6286,159
1044,2023-02-26,5403,13
1045,2023-02-26,968,393
1046,2023-02-26,3960,327
1047,2023-02-26,900,462
1048,2023-02-26,6549,18
1049,2023-02-26,1043,226
1050,2023-02-26,6451,21
1051,2023-02-26,5404,16
1052,2023-02-26,6523,14
1053,2023-02-26,3880,219
1054,2023-02-26,5803,206
1055,2023-02-26,6286,232
1056,2023-02-26,6425,19
1057,2023-02-26,1084,367
1058,2023-02-26,417,69
1059,2023-02-27,900,268
1060,2023-02-27,3880,172
1061,2023-02-27,6451,6
1062,2023-02-27,6286,113
1063,2023-02-27,968,263
1064,2023-02-27,417,84
1065,2023-02-27,6523,8
1066,2023-02-27,6549,4
1067,2023-02-27,5403,5
1068,2023-02-27,5404,9
1069,2023-02-27,5803,66
1070,2023-02-27,6425,14
1071,2023-02-27,3960,227
1072,2023-02-27,1043,171
1073,2023-02-27,1084,344
1074,2023-02-28,5403,8
1075,2023-02-28,968,266
1076,2023-02-28,6425,7
1077,2023-02-28,1084,265
1078,2023-02-28,6451,7
1079,2023-02-28,5803,81
1080,2023-02-28,5404,8
1081,2023-02-28,6549,7
1082,2023-02-28,900,145
1083,2023-02-28,6286,86
1084,2023-02-28,3880,151
1085,2023-02-28,6523,8
1086,2023-02-28,417,67
1087,2023-02-28,3960,203
1088,2023-02-28,1043,165
1089,2023-03-01,6286,71
1090,2023-03-01,3880,114
1091,2023-03-01,417,70
1092,2023-03-01,6425,14
1093,2023-03-01,6451,8
1094,2023-03-01,5803,74
1095,2023-03-01,3960,192
1096,2023-03-01,968,296
1097,2023-03-01,900,174
1098,2023-03-01,5403,9
1099,2023-03-01,1084,363
1100,2023-03-01,1043,163
1101,2023-03-01,6523,9
1102,2023-03-02,1043,159
1103,2023-03-02,417,65
1104,2023-03-02,6425,11
1105,2023-03-02,6286,97
1106,2023-03-02,3880,185
1107,2023-03-02,6451,7
1108,2023-03-02,5803,94
1109,2023-03-02,3960,208
1110,2023-03-02,900,293
1111,2023-03-02,968,319
1112,2023-03-02,1084,330
1113,2023-03-03,5803,94
1114,2023-03-03,3960,262
1115,2023-03-03,968,196
1116,2023-03-03,417,78
1117,2023-03-03,6523,12
1118,2023-03-03,6286,79
1119,2023-03-03,1043,152
1120,2023-03-03,5403,10
1121,2023-03-03,6451,10
1122,2023-03-03,6425,16
1123,2023-03-03,1084,276
1124,2023-03-03,900,130
1125,2023-03-03,3880,169
1126,2023-03-04,5803,136
1127,2023-03-04,5404,24
1128,2023-03-04,900,504
1129,2023-03-04,6549,17
1130,2023-03-04,417,66
1131,2023-03-04,6451,11
1132,2023-03-04,3960,294
1133,2023-03-04,6286,123
1134,2023-03-04,3880,214
1135,2023-03-04,6523,11
1136,2023-03-04,968,254
1137,2023-03-04,1043,236
1138,2023-03-04,1084,374
1139,2023-03-04,6425,17
1140,2023-03-04,5403,23
1141,2023-03-05,900,449
1142,2023-03-05,6425,16
1143,2023-03-05,6523,13
1144,2023-03-05,6549,16
1145,2023-03-05,6286,226
1146,2023-03-05,3960,335
1147,2023-03-05,5404,17
1148,2023-03-05,5403,15
1149,2023-03-05,5803,206
1150,2023-03-05,1043,272
1151,2023-03-05,968,316
1152,2023-03-05,417,63
1153,2023-03-05,1084,416
1154,2023-03-05,3880,263
1155,2023-03-05,6451,17
1156,2023-03-06,6549,6
1157,2023-03-06,6286,112
1158,2023-03-06,6523,7
1159,2023-03-06,900,251
1160,2023-03-06,968,256
1161,2023-03-06,6425,8
1162,2023-03-06,5404,7
1163,2023-03-06,6451,6
1164,2023-03-06,1043,166
1165,2023-03-06,5803,93
1166,2023-03-06,5403,4
1167,2023-03-06,417,77
1168,2023-03-06,1084,320
1169,2023-03-06,3960,194
1170,2023-03-06,3880,186
1171,2023-03-07,1084,336
1172,2023-03-07,900,167
1173,2023-03-07,3880,144
1174,2023-03-07,968,259
1175,2023-03-07,1043,140
1176,2023-03-07,5404,6
1177,2023-03-07,3960,195
1178,2023-03-07,6451,8
1179,2023-03-07,5403,5
1180,2023-03-07,6286,92
1181,2023-03-07,5803,41
1182,2023-03-07,6425,9
1183,2023-03-07,6523,9
1184,2023-03-07,417,73
1185,2023-03-08,6451,7
1186,2023-03-08,3880,202
1187,2023-03-08,900,237
1188,2023-03-08,1084,316
1189,2023-03-08,417,70
1190,2023-03-08,6425,14
1191,2023-03-08,968,239
1192,2023-03-08,5803,59
1193,2023-03-08,5403,9
1194,2023-03-08,5404,7
1195,2023-03-08,6286,70
1196,2023-03-08,3960,192
1197,2023-03-08,1043,168
1198,2023-03-08,6523,7
1199,2023-03-09,1043,156
1200,2023-03-09,3960,208
1201,2023-03-09,6451,8
1202,2023-03-09,968,235
1203,2023-03-09,1084,330
1204,2023-03-09,6425,8
1205,2023-03-09,3880,156
1206,2023-03-09,6286,40
1207,2023-03-09,900,384
1208,2023-03-09,417,64
1209,2023-03-09,5803,76
1210,2023-03-09,5404,8
1211,2023-03-10,3960,251
1212,2023-03-10,6286,95
1213,2023-03-10,417,66
1214,2023-03-10,968,175
1215,2023-03-10,1043,155
1216,2023-03-10,5403,12
1217,2023-03-10,6523,6
1218,2023-03-10,1084,265
1219,2023-03-10,6451,10
1220,2023-03-10,3880,157
1221,2023-03-10,5404,17
1222,2023-03-10,900,173
1223,2023-03-10,5803,87
1224,2023-03-10,6425,16
1225,2023-03-11,900,496
1226,2023-03-11,6286,90
1227,2023-03-11,1084,355
1228,2023-03-11,6523,10
1229,2023-03-11,6549,17
1230,2023-03-11,3960,265
1231,2023-03-11,5403,25
1232,2023-03-11,5404,26
1233,2023-03-11,417,70
1234,2023-03-11,3880,132
1235,2023-03-11,1043,169
1236,2023-03-11,968,270
1237,2023-03-11,6425,19
1238,2023-03-11,5803,98
1239,2023-03-11,6451,11
1240,2023-03-12,1043,234
1241,2023-03-12,968,363
1242,2023-03-12,3880,282
1243,2023-03-12,6286,217
1244,2023-03-12,5404,19
1245,2023-03-12,417,70
1246,2023-03-12,6549,12
1247,2023-03-12,900,438
1248,2023-03-12,3960,328
1249,2023-03-12,6451,14
1250,2023-03-12,5403,14
1251,2023-03-12,6523,11
1252,2023-03-12,6425,21
1253,2023-03-12,1084,401
1254,2023-03-12,5803,228
1255,2023-03-13,6549,5
1256,2023-03-13,3960,196
1257,2023-03-13,5404,9
1258,2023-03-13,3880,157
1259,2023-03-13,968,252
1260,2023-03-13,5803,59
1261,2023-03-13,6425,4
1262,2023-03-13,1043,147
1263,2023-03-13,900,288
1264,2023-03-13,6523,9
1265,2023-03-13,417,69
1266,2023-03-13,1084,320
1267,2023-03-13,6451,4
1268,2023-03-13,6286,98
1269,2023-03-14,1043,212
1270,2023-03-14,5404,7
1271,2023-03-14,3880,151
1272,2023-03-14,900,206
1273,2023-03-14,6549,5
1274,2023-03-14,968,201
1275,2023-03-14,6451,7
1276,2023-03-14,5403,6
1277,2023-03-14,3960,208
1278,2023-03-14,6425,10
1279,2023-03-14,6286,86
1280,2023-03-14,5803,52
1281,2023-03-14,417,63
1282,2023-03-14,1084,319
1283,2023-03-14,6523,5
1284,2023-03-15,6549,6
1285,2023-03-15,6523,8
1286,2023-03-15,5404,11
1287,2023-03-15,900,220
1288,2023-03-15,417,70
1289,2023-03-15,5803,68
1290,2023-03-15,3960,195
1291,2023-03-15,1084,343
1292,2023-03-15,6451,8
1293,2023-03-15,6286,72
1294,2023-03-15,5403,9
1295,2023-03-15,968,253
1296,2023-03-15,6425,11
1297,2023-03-15,3880,149
1298,2023-03-15,1043,146
1299,2023-03-16,6425,10
1300,2023-03-16,6451,9
1301,2023-03-16,5404,5
1302,2023-03-16,968,319
1303,2023-03-16,6286,80
1304,2023-03-16,3960,181
1305,2023-03-16,1043,184
1306,2023-03-16,3880,175
1307,2023-03-16,1084,339
1308,2023-03-16,417,65
1309,2023-03-16,900,436
1310,2023-03-16,5803,93
1311,2023-03-17,5404,13
1312,2023-03-17,5403,11
1313,2023-03-17,6523,9
1314,2023-03-17,900,169
1315,2023-03-17,6286,88
1316,2023-03-17,1084,290
1317,2023-03-17,3880,149
1318,2023-03-17,968,185
1319,2023-03-17,417,65
1320,2023-03-17,6425,16
1321,2023-03-17,6451,11
1322,2023-03-17,5803,90
1323,2023-03-17,1043,176
1324,2023-03-17,3960,245
1325,2023-03-18,6523,11
1326,2023-03-18,1043,188
1327,2023-03-18,6451,11
1328,2023-03-18,5404,23
1329,2023-03-18,1084,338
1330,2023-03-18,3880,135
1331,2023-03-18,417,73
1332,2023-03-18,6425,19
1333,2023-03-18,3960,285
1334,2023-03-18,5403,26
1335,2023-03-18,6286,122
1336,2023-03-18,968,268
1337,2023-03-18,6549,17
1338,2023-03-18,5803,119
1339,2023-03-18,900,362
1340,2023-03-19,6549,14
1341,2023-03-19,1084,402
1342,2023-03-19,6451,18
1343,2023-03-19,6523,13
1344,2023-03-19,900,473
1345,2023-03-19,5803,171
1346,2023-03-19,968,364
1347,2023-03-19,417,59
1348,2023-03-19,5404,14
1349,2023-03-19,6425,20
1350,2023-03-19,3880,244
1351,2023-03-19,6286,228
1352,2023-03-19,1043,223
1353,2023-03-19,5403,16
1354,2023-03-19,3960,318
1355,2023-03-20,3960,213
1356,2023-03-20,6425,11
1357,2023-03-20,3880,160
1358,2023-03-20,5803,60
1359,2023-03-20,1043,159
1360,2023-03-20,6286,128
1361,2023-03-20,6549,4
1362,2023-03-20,1084,347
1363,2023-03-20,6451,6
1364,2023-03-20,900,254
1365,2023-03-20,417,77
1366,2023-03-20,6523,7
1367,2023-03-20,968,250
1368,2023-03-21,968,254
1369,2023-03-21,5403,8
1370,2023-03-21,6425,8
1371,2023-03-21,6523,8
1372,2023-03-21,5803,82
1373,2023-03-21,5404,8
1374,2023-03-21,1043,137
1375,2023-03-21,900,172
1376,2023-03-21,417,66
1377,2023-03-21,3880,158
1378,2023-03-21,1084,325
1379,2023-03-21,3960,197
1380,2023-03-21,6286,88
1381,2023-03-22,3960,194
1382,2023-03-22,417,71
1383,2023-03-22,3880,135
1384,2023-03-22,6286,65
1385,2023-03-22,968,247
1386,2023-03-22,5803,76
1387,2023-03-22,5403,8
1388,2023-03-22,1043,150
1389,2023-03-22,900,180
1390,2023-03-22,6425,11
1391,2023-03-22,6523,7
1392,2023-03-22,1084,321
1393,2023-03-22,5404,11
1394,2023-03-23,5404,6
1395,2023-03-23,6425,10
1396,2023-03-23,900,387
1397,2023-03-23,5803,96
1398,2023-03-23,3960,194
1399,2023-03-23,1043,177
1400,2023-03-23,6286,78
1401,2023-03-23,417,68
1402,2023-03-23,968,292
1403,2023-03-23,3880,161
1404,2023-03-23,6451,6
1405,2023-03-23,1084,338
1406,2023-03-24,6286,91
1407,2023-03-24,3960,244
1408,2023-03-24,5803,84
1409,2023-03-24,1043,158
1410,2023-03-24,1084,296
1411,2023-03-24,900,190
1412,2023-03-24,968,166
1413,2023-03-24,417,59
1414,2023-03-24,6523,10
1415,2023-03-24,5403,10
1416,2023-03-24,6425,17
1417,2023-03-24,6451,10
1418,2023-03-24,3880,172
1419,2023-03-24,5404,15
1420,2023-03-25,6451,10
1421,2023-03-25,1084,353
1422,2023-03-25,6425,21
1423,2023-03-25,3880,134
1424,2023-03-25,3960,292
1425,2023-03-25,1043,188
1426,2023-03-25,900,380
1427,2023-03-25,6286,116
1428,2023-03-25,417,68
1429,2023-03-25,6549,15
1430,2023-03-25,5403,20
1431,2023-03-25,5404,22
1432,2023-03-25,968,248
1433,2023-03-25,5803,134
1434,2023-03-26,6523,14
1435,2023-03-26,3960,319
1436,2023-03-26,6286,182
1437,2023-03-26,968,276
1438,2023-03-26,6425,22
1439,2023-03-26,900,488
1440,2023-03-26,6549,15
1441,2023-03-26,5403,14
1442,2023-03-26,3880,216
1443,2023-03-26,417,68
1444,2023-03-26,1043,217
1445,2023-03-26,1084,372
1446,2023-03-26,5404,13
1447,2023-03-26,6451,13
1448,2023-03-26,5803,183
1449,2023-03-27,900,233
1450,2023-03-27,3880,140
1451,2023-03-27,5403,6
1452,2023-03-27,3960,206
1453,2023-03-27,968,259
1454,2023-03-27,417,75
1455,2023-03-27,6549,6
1456,2023-03-27,6286,95
1457,2023-03-27,1043,137
1458,2023-03-27,1084,317
1459,2023-03-27,6523,7
1460,2023-03-27,5803,55
1461,2023-03-27,5404,7
1462,2023-03-27,6425,12
1463,2023-03-28,968,246
1464,2023-03-28,900,189
1465,2023-03-28,417,67
1466,2023-03-28,3880,167
1467,2023-03-28,6286,96
1468,2023-03-28,5403,10
1469,2023-03-28,6523,7
1470,2023-03-28,3960,185
1471,2023-03-28,6549,6
1472,2023-03-28,1084,337
1473,2023-03-28,5803,90
1474,2023-03-28,1043,138
1475,2023-03-29,900,192
1476,2023-03-29,6425,14
1477,2023-03-29,6451,9
1478,2023-03-29,6286,75
1479,2023-03-29,5403,7
1480,2023-03-29,5803,71
1481,2023-03-29,417,68
1482,2023-03-29,3880,147
1483,2023-03-29,5404,12
1484,2023-03-29,1043,153
1485,2023-03-29,1084,304
1486,2023-03-29,6523,7
1487,2023-03-29,3960,211
1488,2023-03-29,968,225
1489,2023-03-30,6549,9
1490,2023-03-30,5803,80
1491,2023-03-30,3880,148
1492,2023-03-30,1084,332
1493,2023-03-30,5404,8
1494,2023-03-30,6451,6
1495,2023-03-30,6286,69
1496,2023-03-30,900,382
1497,2023-03-30,1043,165
1498,2023-03-30,6425,10
1499,2023-03-30,3960,240
1500,2023-03-30,968,245
1501,2023-03-30,417,69
1502,2023-03-31,6425,18
1503,2023-03-31,5403,11
1504,2023-03-31,3960,222
1505,2023-03-31,5803,62
1506,2023-03-31,968,144
1507,2023-03-31,6523,9
1508,2023-03-31,6286,88
1509,2023-03-31,5404,14
1510,2023-03-31,3880,131
1511,2023-03-31,900,199
1512,2023-03-31,417,60
1513,2023-03-31,1043,148
1514,2023-03-31,1084,262
1515,2023-03-31,6451,8
1516,2023-04-01,5404,23
1517,2023-04-01,6523,11
1518,2023-04-01,5803,83
1519,2023-04-01,1043,239
1520,2023-04-01,6549,16
1521,2023-04-01,6425,18
1522,2023-04-01,900,499
1523,2023-04-01,3880,133
1524,2023-04-01,5403,25
1525,2023-04-01,3960,262
1526,2023-04-01,1084,282
1527,2023-04-01,968,255
1528,2023-04-01,417,60
1529,2023-04-01,6451,12
1530,2023-04-01,6286,88
1531,2023-04-02,5803,124
1532,2023-04-02,1084,386
1533,2023-04-02,900,401
1534,2023-04-02,968,321
1535,2023-04-02,1043,244
1536,2023-04-02,6286,193
1537,2023-04-02,6523,15
1538,2023-04-02,5404,16
1539,2023-04-02,6451,13
1540,2023-04-02,417,55
1541,2023-04-02,3880,263
1542,2023-04-02,3960,330
1543,2023-04-02,6425,20
1544,2023-04-03,6425,15
1545,2023-04-03,417,77
1546,2023-04-03,5404,8
1547,2023-04-03,1084,366
1548,2023-04-03,3880,222
1549,2023-04-03,968,280
1550,2023-04-03,5803,114
1551,2023-04-03,3960,250
1552,2023-04-03,1043,181
1553,2023-04-03,5403,9
1554,2023-04-03,6523,6
1555,2023-04-03,6286,116
1556,2023-04-03,900,408
1557,2023-04-04,1043,240
1558,2023-04-04,6523,16
1559,2023-04-04,5404,9
1560,2023-04-04,6286,126
1561,2023-04-04,6425,13
1562,2023-04-04,968,309
1563,2023-04-04,3880,192
1564,2023-04-04,417,82
1565,2023-04-04,5403,8
1566,2023-04-04,3960,279
1567,2023-04-04,900,260
1568,2023-04-04,5803,146
1569,2023-04-04,1084,319
1570,2023-04-04,6451,7
1571,2023-04-05,417,68
1572,2023-04-05,3880,167
1573,2023-04-05,3960,247
1574,2023-04-05,900,284
1575,2023-04-05,1084,360
1576,2023-04-05,6425,13
1577,2023-04-05,5803,148
1578,2023-04-05,6286,90
1579,2023-04-05,5403,10
1580,2023-04-05,1043,176
1581,2023-04-05,5404,10
1582,2023-04-05,6451,8
1583,2023-04-05,968,321
1584,2023-04-06,5803,142
1585,2023-04-06,6286,101
1586,2023-04-06,1084,335
1587,2023-04-06,3960,197
1588,2023-04-06,417,68
1589,2023-04-06,6425,13
1590,2023-04-06,5404,8
1591,2023-04-06,3880,192
1592,2023-04-06,1043,228
1593,2023-04-06,900,500
1594,2023-04-06,968,311
1595,2023-04-06,6451,7
1596,2023-04-07,1043,243
1597,2023-04-07,6523,8
1598,2023-04-07,968,317
1599,2023-04-07,5404,17
1600,2023-04-07,900,146
1601,2023-04-07,6425,18
1602,2023-04-07,417,72
1603,2023-04-07,5803,94
1604,2023-04-07,5403,15
1605,2023-04-07,6286,90
1606,2023-04-07,3880,120
1607,2023-04-07,3960,249
1608,2023-04-07,6451,11
1609,2023-04-07,1084,211
1610,2023-04-08,6425,18
1611,2023-04-08,6286,119
1612,2023-04-08,5803,125
1613,2023-04-08,5404,24
1614,2023-04-08,1043,227
1615,2023-04-08,417,60
1616,2023-04-08,6523,11
1617,2023-04-08,968,215
1618,2023-04-08,5403,20
1619,2023-04-08,6549,17
1620,2023-04-08,6451,10
1621,2023-04-08,900,580
1622,2023-04-08,1084,328
1623,2023-04-08,3880,180
1624,2023-04-08,3960,312
1625,2023-04-09,968,336
1626,2023-04-09,1084,385
1627,2023-04-09,6549,12
1628,2023-04-09,417,55
1629,2023-04-09,900,438
1630,2023-04-09,6425,18
1631,2023-04-09,3880,221
1632,2023-04-09,6286,174
1633,2023-04-09,6451,15
1634,2023-04-09,1043,217
1635,2023-04-09,5403,17
1636,2023-04-09,3960,327
1637,2023-04-09,5803,116
1638,2023-04-09,6523,14
1639,2023-04-09,5404,13
1640,2023-04-10,900,250
1641,2023-04-10,6523,10
1642,2023-04-10,417,67
1643,2023-04-10,6286,80
1644,2023-04-10,3960,190
1645,2023-04-10,6425,14
1646,2023-04-10,5803,50
1647,2023-04-10,6451,3
1648,2023-04-10,5403,7
1649,2023-04-10,968,207
1650,2023-04-10,5404,9
1651,2023-04-10,1043,142
1652,2023-04-10,3880,151
1653,2023-04-10,1084,322
1654,2023-04-10,6549,8
1655,2023-04-11,3880,120
1656,2023-04-11,3960,191
1657,2023-04-11,6523,6
1658,2023-04-11,5404,7
1659,2023-04-11,1084,357
1660,2023-04-11,417,68
1661,2023-04-11,6451,7
1662,2023-04-11,968,219
1663,2023-04-11,1043,118
1664,2023-04-11,6286,83
1665,2023-04-11,900,233
1666,2023-04-11,6425,10
1667,2023-04-11,6549,5
1668,2023-04-11,5403,9
1669,2023-04-11,5803,37
1670,2023-04-12,6451,7
1671,2023-04-12,1084,296
1672,2023-04-12,968,194
1673,2023-04-12,6286,64
1674,2023-04-12,3880,99
1675,2023-04-12,900,216
1676,2023-04-12,3960,203
1677,2023-04-12,417,71
1678,2023-04-12,6425,9
1679,2023-04-12,5803,54
1680,2023-04-12,5403,9
1681,2023-04-12,6523,7
1682,2023-04-12,1043,129
1683,2023-04-13,6286,37
1684,2023-04-13,5803,80
1685,2023-04-13,6549,9
1686,2023-04-13,1043,176
1687,2023-04-13,1084,316
1688,2023-04-13,417,66
1689,2023-04-13,6425,11
1690,2023-04-13,5404,8
1691,2023-04-13,968,214
1692,2023-04-13,6451,4
1693,2023-04-13,3960,212
1694,2023-04-13,3880,153
1695,2023-04-13,900,399
1696,2023-04-14,968,183
1697,2023-04-14,3960,232
1698,2023-04-14,6451,7
1699,2023-04-14,5803,75
1700,2023-04-14,6425,19
1701,2023-04-14,417,60
1702,2023-04-14,1043,150
1703,2023-04-14,6286,89
1704,2023-04-14,6523,5
1705,2023-04-14,900,191
1706,2023-04-14,1084,252
1707,2023-04-14,5404,18
1708,2023-04-14,5403,13
1709,2023-04-14,3880,168
1710,2023-04-15,6451,10
1711,2023-04-15,6425,20
1712,2023-04-15,900,447
1713,2023-04-15,6549,17
1714,2023-04-15,3960,275
1715,2023-04-15,5404,33
1716,2023-04-15,6523,12
1717,2023-04-15,3880,124
1718,2023-04-15,1043,180
1719,2023-04-15,417,65
1720,2023-04-15,5803,84
1721,2023-04-15,968,272
1722,2023-04-15,5403,19
1723,2023-04-15,6286,80
1724,2023-04-15,1084,371
1725,2023-04-16,6286,178
1726,2023-04-16,5404,16
1727,2023-04-16,6425,21
1728,2023-04-16,6549,13
1729,2023-04-16,6451,20
1730,2023-04-16,968,356
1731,2023-04-16,1043,221
1732,2023-04-16,3960,322
1733,2023-04-16,1084,424
1734,2023-04-16,417,71
1735,2023-04-16,5803,114
1736,2023-04-16,5403,13
1737,2023-04-16,3880,241
1738,2023-04-16,6523,11
1739,2023-04-16,900,481
1740,2023-04-17,1084,330
1741,2023-04-17,417,75
1742,2023-04-17,6425,15
1743,2023-04-17,6286,89
1744,2023-04-17,3960,219
1745,2023-04-17,5803,58
1746,2023-04-17,5404,9
1747,2023-04-17,3880,160
1748,2023-04-17,1043,155
1749,2023-04-17,5403,4
1750,2023-04-17,900,244
1751,2023-04-17,968,252
1752,2023-04-18,3960,229
1753,2023-04-18,5403,7
1754,2023-04-18,1084,318
1755,2023-04-18,1043,154
1756,2023-04-18,417,72
1757,2023-04-18,6286,98
1758,2023-04-18,3880,140
1759,2023-04-18,968,253
1760,2023-04-18,6523,4
1761,2023-04-18,6425,9
1762,2023-04-18,900,200
1763,2023-04-18,5404,7
1764,2023-04-18,5803,68
1765,2023-04-19,3880,147
1766,2023-04-19,5803,58
1767,2023-04-19,417,71
1768,2023-04-19,6286,73
1769,2023-04-19,1043,165
1770,2023-04-19,968,248
1771,2023-04-19,6425,11
1772,2023-04-19,1084,316
1773,2023-04-19,900,202
1774,2023-04-19,5404,12
1775,2023-04-19,6451,8
1776,2023-04-19,6523,8
1777,2023-04-19,5403,8
1778,2023-04-19,3960,199
1779,2023-04-20,968,276
1780,2023-04-20,3960,165
1781,2023-04-20,1043,182
1782,2023-04-20,5404,7
1783,2023-04-20,3880,156
1784,2023-04-20,5803,98
1785,2023-04-20,6425,9
1786,2023-04-20,900,546
1787,2023-04-20,6451,6
1788,2023-04-20,1084,344
1789,2023-04-20,417,67
1790,2023-04-20,6286,77
1791,2023-04-21,6286,87
1792,2023-04-21,3880,138
1793,2023-04-21,6523,9
1794,2023-04-21,6425,16
1795,2023-04-21,5403,11
1796,2023-04-21,5803,80
1797,2023-04-21,1084,288
1798,2023-04-21,1043,201
1799,2023-04-21,417,59
1800,2023-04-21,5404,17
1801,2023-04-21,3960,224
1802,2023-04-21,968,157
1803,2023-04-21,900,138
1804,2023-04-21,6451,9
1805,2023-04-22,900,478
1806,2023-04-22,6451,9
1807,2023-04-22,6425,22
1808,2023-04-22,6286,85
1809,2023-04-22,3960,295
1810,2023-04-22,417,67
1811,2023-04-22,6549,15
1812,2023-04-22,5403,26
1813,2023-04-22,6523,9
1814,2023-04-22,5803,83
1815,2023-04-22,1084,374
1816,2023-04-22,1043,196
1817,2023-04-22,5404,30
1818,2023-04-22,3880,116
1819,2023-04-22,968,237
1820,2023-04-23,968,336
1821,2023-04-23,5803,116
1822,2023-04-23,6286,174
1823,2023-04-23,6425,22
1824,2023-04-23,1084,478
1825,2023-04-23,3960,319
1826,2023-04-23,5403,15
1827,2023-04-23,900,444
1828,2023-04-23,3880,202
1829,2023-04-23,6523,11
1830,2023-04-23,5404,14
1831,2023-04-23,6549,15
1832,2023-04-23,6451,15
1833,2023-04-23,1043,234
1834,2023-04-23,417,70
1835,2023-04-24,5403,6
1836,2023-04-24,3880,142
1837,2023-04-24,1084,332
1838,2023-04-24,900,238
1839,2023-04-24,417,74
1840,2023-04-24,3960,196
1841,2023-04-24,6286,87
1842,2023-04-24,6523,10
1843,2023-04-24,6425,13
1844,2023-04-24,6549,6
1845,2023-04-24,1043,137
1846,2023-04-24,968,261
1847,2023-04-24,5803,53
1848,2023-04-24,6451,6
1849,2023-04-25,6425,11
1850,2023-04-25,968,214
1851,2023-04-25,6523,6
1852,2023-04-25,3960,195
1853,2023-04-25,5404,9
1854,2023-04-25,5803,65
1855,2023-04-25,900,237
1856,2023-04-25,6549,6
1857,2023-04-25,6286,83
1858,2023-04-25,1043,116
1859,2023-04-25,1084,331
1860,2023-04-25,417,65
1861,2023-04-25,6451,6
1862,2023-04-25,3880,118
1863,2023-04-26,5803,59
1864,2023-04-26,6451,8
1865,2023-04-26,1043,122
1866,2023-04-26,6523,6
1867,2023-04-26,1084,300
1868,2023-04-26,6425,12
1869,2023-04-26,6286,66
1870,2023-04-26,3880,161
1871,2023-04-26,417,64
1872,2023-04-26,5404,14
1873,2023-04-26,3960,201
1874,2023-04-26,968,205
1875,2023-04-26,900,217
1876,2023-04-26,5403,7
1877,2023-04-27,3960,191
1878,2023-04-27,1043,178
1879,2023-04-27,968,242
1880,2023-04-27,417,69
1881,2023-04-27,5803,83
1882,2023-04-27,6425,13
1883,2023-04-27,3880,146
1884,2023-04-27,1084,319
1885,2023-04-27,6451,6
1886,2023-04-27,900,426
1887,2023-04-27,6286,70
1888,2023-04-28,1084,279
1889,2023-04-28,1043,162
1890,2023-04-28,6286,90
1891,2023-04-28,417,59
1892,2023-04-28,5403,11
1893,2023-04-28,3960,228
1894,2023-04-28,6425,17
1895,2023-04-28,3880,175
1896,2023-04-28,6523,11
1897,2023-04-28,5404,14
1898,2023-04-28,5803,87
1899,2023-04-28,900,212
1900,2023-04-28,6451,9
1901,2023-04-28,968,187
1902,2023-04-29,6286,85
1903,2023-04-29,5404,30
1904,2023-04-29,6523,12
1905,2023-04-29,6451,11
1906,2023-04-29,1043,195
1907,2023-04-29,3880,133
1908,2023-04-29,6549,14
1909,2023-04-29,3960,281
1910,2023-04-29,6425,21
1911,2023-04-29,968,210
1912,2023-04-29,417,65
1913,2023-04-29,1084,265
1914,2023-04-29,5803,81
1915,2023-04-29,900,653
1916,2023-04-29,5403,17
1917,2023-04-30,3960,318
1918,2023-04-30,6523,12
1919,2023-04-30,5403,20
1920,2023-04-30,3880,202
1921,2023-04-30,6549,15
1922,2023-04-30,1043,215
1923,2023-04-30,417,65
1924,2023-04-30,6425,20
1925,2023-04-30,1084,442
1926,2023-04-30,5803,106
1927,2023-04-30,900,438
1928,2023-04-30,5404,20
1929,2023-04-30,6451,19
1930,2023-04-30,6286,175
1931,2023-04-30,968,288
1932,2023-05-01,6286,108
1933,2023-05-01,6451,6
1934,2023-05-01,3960,236
1935,2023-05-01,5404,9
1936,2023-05-01,5803,85
1937,2023-05-01,6549,4
1938,2023-05-01,6425,4
1939,2023-05-01,1043,135
1940,2023-05-01,1084,323
1941,2023-05-01,417,75
1942,2023-05-01,968,264
1943,2023-05-01,900,286
1944,2023-05-01,3880,185
1945,2023-05-01,6523,7
1946,2023-05-01,5403,6
1947,2023-05-02,6549,5
1948,2023-05-02,417,69
1949,2023-05-02,1084,319
1950,2023-05-02,6425,15
1951,2023-05-02,6523,4
1952,2023-05-02,1043,131
1953,2023-05-02,968,221
1954,2023-05-02,5404,8
1955,2023-05-02,3960,203
1956,2023-05-02,900,314
1957,2023-05-02,5803,56
1958,2023-05-02,5403,7
1959,2023-05-02,6451,7
1960,2023-05-02,3880,150
1961,2023-05-02,6286,91
1962,2023-05-03,6425,12
1963,2023-05-03,3880,151
1964,2023-05-03,5404,9
1965,2023-05-03,968,211
1966,2023-05-03,5803,54
1967,2023-05-03,3960,237
1968,2023-05-03,5403,7
1969,2023-05-03,6523,5
1970,2023-05-03,900,226
1971,2023-05-03,1084,301
1972,2023-05-03,6451,7
1973,2023-05-03,6286,87
1974,2023-05-03,417,65
1975,2023-05-03,1043,215
1976,2023-05-03,6549,6
1977,2023-05-04,5404,8
1978,2023-05-04,900,375
1979,2023-05-04,3960,217
1980,2023-05-04,6549,9
1981,2023-05-04,6425,9
1982,2023-05-04,3880,192
1983,2023-05-04,1043,135
1984,2023-05-04,6451,7
1985,2023-05-04,417,66
1986,2023-05-04,5803,77
1987,2023-05-04,6286,65
1988,2023-05-04,1084,317
1989,2023-05-04,968,239
1990,2023-05-05,968,198
1991,2023-05-05,3880,130
1992,2023-05-05,6451,7
1993,2023-05-05,3960,245
1994,2023-05-05,1084,242
1995,2023-05-05,6286,94
1996,2023-05-05,417,67
1997,2023-05-05,6425,17
1998,2023-05-05,6523,7
1999,2023-05-05,5803,84
2000,2023-05-05,900,125
2001,2023-05-05,1043,147
2002,2023-05-05,5404,16
2003,2023-05-05,5403,11
2004,2023-05-06,968,215
2005,2023-05-06,1084,373
2006,2023-05-06,1043,274
2007,2023-05-06,3960,250
2008,2023-05-06,417,58
2009,2023-05-06,5803,76
2010,2023-05-06,900,593
2011,2023-05-06,6549,15
2012,2023-05-06,6286,78
2013,2023-05-06,5403,23
2014,2023-05-06,5404,25
2015,2023-05-06,6451,11
2016,2023-05-06,3880,121
2017,2023-05-06,6425,17
2018,2023-05-06,6523,9
2019,2023-05-07,6549,14
2020,2023-05-07,3960,322
2021,2023-05-07,6286,180
2022,2023-05-07,900,841
2023,2023-05-07,5803,127
2024,2023-05-07,968,376
2025,2023-05-07,3880,211
2026,2023-05-07,5404,18
2027,2023-05-07,5403,16
2028,2023-05-07,1084,355
2029,2023-05-07,417,70
2030,2023-05-07,6425,22
2031,2023-05-07,1043,265
2032,2023-05-07,6451,17
2033,2023-05-07,6523,11
2034,2023-05-08,900,271
2035,2023-05-08,6523,9
2036,2023-05-08,6286,83
2037,2023-05-08,1043,188
2038,2023-05-08,5403,3
2039,2023-05-08,6451,6
2040,2023-05-08,5404,12
2041,2023-05-08,417,77
2042,2023-05-08,3880,165
2043,2023-05-08,6549,12
2044,2023-05-08,3960,205
2045,2023-05-08,5803,78
2046,2023-05-08,1084,317
2047,2023-05-08,6425,5
2048,2023-05-08,968,244
2049,2023-05-09,1084,317
2050,2023-05-09,900,185
2051,2023-05-09,6451,7
2052,2023-05-09,5803,59
2053,2023-05-09,417,74
2054,2023-05-09,3880,158
2055,2023-05-09,5404,9
2056,2023-05-09,968,193
2057,2023-05-09,6549,7
2058,2023-05-09,6523,6
2059,2023-05-09,1043,125
2060,2023-05-09,3960,208
2061,2023-05-09,6425,12
2062,2023-05-09,5403,6
2063,2023-05-09,6286,87
2064,2023-05-10,5403,8
2065,2023-05-10,900,251
2066,2023-05-10,968,247
2067,2023-05-10,3880,197
2068,2023-05-10,417,71
2069,2023-05-10,6425,11
2070,2023-05-10,6286,93
2071,2023-05-10,5404,8
2072,2023-05-10,1043,171
2073,2023-05-10,1084,304
2074,2023-05-10,6523,7
2075,2023-05-10,6549,6
2076,2023-05-10,5803,67
2077,2023-05-10,6451,7
2078,2023-05-10,3960,208
2079,2023-05-11,5404,8
2080,2023-05-11,6425,14
2081,2023-05-11,6286,38
2082,2023-05-11,5803,84
2083,2023-05-11,968,259
2084,2023-05-11,3960,201
2085,2023-05-11,3880,149
2086,2023-05-11,417,66
2087,2023-05-11,1043,153
2088,2023-05-11,900,545
2089,2023-05-11,1084,335
2090,2023-05-11,6549,6
2091,2023-05-11,6451,4
2092,2023-05-12,968,187
2093,2023-05-12,1043,175
2094,2023-05-12,3960,233
2095,2023-05-12,5404,14
2096,2023-05-12,5803,84
2097,2023-05-12,6286,82
2098,2023-05-12,6425,17
2099,2023-05-12,900,201
2100,2023-05-12,5403,11
2101,2023-05-12,1084,243
2102,2023-05-12,6451,6
2103,2023-05-12,3880,145
2104,2023-05-12,6523,8
2105,2023-05-12,417,66
2106,2023-05-13,5403,19
2107,2023-05-13,5803,77
2108,2023-05-13,3960,293
2109,2023-05-13,6523,10
2110,2023-05-13,6425,18
2111,2023-05-13,417,67
2112,2023-05-13,6549,16
2113,2023-05-13,1043,196
2114,2023-05-13,3880,120
2115,2023-05-13,1084,344
2116,2023-05-13,968,228
2117,2023-05-13,6286,80
2118,2023-05-13,900,656
2119,2023-05-13,6451,10
2120,2023-05-13,5404,29
2121,2023-05-14,6286,140
2122,2023-05-14,417,69
2123,2023-05-14,1043,241
2124,2023-05-14,6425,21
2125,2023-05-14,6451,14
2126,2023-05-14,6549,15
2127,2023-05-14,900,537
2128,2023-05-14,3880,173
2129,2023-05-14,1084,361
2130,2023-05-14,5404,17
2131,2023-05-14,5803,115
2132,2023-05-14,3960,320
2133,2023-05-14,6523,10
2134,2023-05-14,5403,13
2135,2023-05-14,968,370
2136,2023-05-15,968,252
2137,2023-05-15,5803,75
2138,2023-05-15,3880,157
2139,2023-05-15,417,70
2140,2023-05-15,6425,4
2141,2023-05-15,6451,4
2142,2023-05-15,900,241
2143,2023-05-15,6549,8
2144,2023-05-15,5404,9
2145,2023-05-15,3960,247
2146,2023-05-15,6523,11
2147,2023-05-15,6286,102
2148,2023-05-15,1043,144
2149,2023-05-15,5403,4
2150,2023-05-15,1084,357
2151,2023-05-16,3960,220
2152,2023-05-16,5403,7
2153,2023-05-16,417,69
2154,2023-05-16,3880,148
2155,2023-05-16,6425,14
2156,2023-05-16,1043,77
2157,2023-05-16,1084,324
2158,2023-05-16,6286,82
2159,2023-05-16,968,224
2160,2023-05-16,5404,9
2161,2023-05-16,900,221
2162,2023-05-16,6451,6
2163,2023-05-16,6549,6
2164,2023-05-16,5803,39
2165,2023-05-16,6523,9
2166,2023-05-17,6425,9
2167,2023-05-17,6549,6
2168,2023-05-17,5803,60
2169,2023-05-17,6523,6
2170,2023-05-17,6451,5
2171,2023-05-17,6286,85
2172,2023-05-17,5404,9
2173,2023-05-17,417,62
2174,2023-05-17,900,292
2175,2023-05-17,3880,94
2176,2023-05-17,3960,237
2177,2023-05-17,1084,308
2178,2023-05-17,968,192
2179,2023-05-17,1043,160
2180,2023-05-17,5403,8
2181,2023-05-18,5803,76
2182,2023-05-18,6549,6
2183,2023-05-18,968,234
2184,2023-05-18,3880,178
2185,2023-05-18,1043,149
2186,2023-05-18,6425,12
2187,2023-05-18,6286,67
2188,2023-05-18,3960,199
2189,2023-05-18,6451,9
2190,2023-05-18,417,62
2191,2023-05-18,1084,341
2192,2023-05-18,900,500
2193,2023-05-18,5404,8
2194,2023-05-19,3880,175
2195,2023-05-19,5404,20
2196,2023-05-19,968,194
2197,2023-05-19,1043,172
2198,2023-05-19,6425,19
2199,2023-05-19,6451,7
2200,2023-05-19,5403,14
2201,2023-05-19,1084,202
2202,2023-05-19,6286,100
2203,2023-05-19,900,165
2204,2023-05-19,417,62
2205,2023-05-19,3960,229
2206,2023-05-19,5803,78
2207,2023-05-19,6523,8
2208,2023-05-20,6451,10
2209,2023-05-20,1084,339
2210,2023-05-20,6549,17
2211,2023-05-20,5404,29
2212,2023-05-20,5403,22
2213,2023-05-20,3880,113
2214,2023-05-20,5803,78
2215,2023-05-20,6523,11
2216,2023-05-20,6286,80
2217,2023-05-20,900,357
2218,2023-05-20,1043,191
2219,2023-05-20,6425,20
2220,2023-05-20,968,210
2221,2023-05-20,3960,287
2222,2023-05-20,417,70
2223,2023-05-21,5803,142
2224,2023-05-21,417,70
2225,2023-05-21,1084,365
2226,2023-05-21,968,351
2227,2023-05-21,900,847
2228,2023-05-21,6286,127
2229,2023-05-21,6451,15
2230,2023-05-21,3960,317
2231,2023-05-21,6523,11
2232,2023-05-21,5404,17
2233,2023-05-21,6425,23
2234,2023-05-21,5403,13
2235,2023-05-21,6549,14
2236,2023-05-21,3880,178
2237,2023-05-21,1043,196
2238,2023-05-22,900,360
2239,2023-05-22,6425,7
2240,2023-05-22,5403,4
2241,2023-05-22,417,70
2242,2023-05-22,5803,48
2243,2023-05-22,6549,8
2244,2023-05-22,3960,202
2245,2023-05-22,6451,5
2246,2023-05-22,6523,6
2247,2023-05-22,968,244
2248,2023-05-22,5404,8
2249,2023-05-22,6286,82
2250,2023-05-22,3880,129
2251,2023-05-22,1043,150
2252,2023-05-22,1084,321
2253,2023-05-23,5403,8
2254,2023-05-23,6549,6
2255,2023-05-23,6451,6
2256,2023-05-23,5803,56
2257,2023-05-23,1084,333
2258,2023-05-23,1043,131
2259,2023-05-23,968,195
2260,2023-05-23,6523,6
2261,2023-05-23,417,61
2262,2023-05-23,6425,13
2263,2023-05-23,900,193
2264,2023-05-23,3880,161
2265,2023-05-23,3960,226
2266,2023-05-23,6286,83
2267,2023-05-23,5404,9
2268,2023-05-24,5803,51
2269,2023-05-24,6523,5
2270,2023-05-24,6451,8
2271,2023-05-24,3880,105
2272,2023-05-24,6286,91
2273,2023-05-24,6549,6
2274,2023-05-24,3960,221
2275,2023-05-24,6425,11
2276,2023-05-24,900,306
2277,2023-05-24,5404,9
2278,2023-05-24,968,178
2279,2023-05-24,5403,8
2280,2023-05-24,1084,297
2281,2023-05-24,417,62
2282,2023-05-24,1043,186
2283,2023-05-25,968,227
2284,2023-05-25,417,62
2285,2023-05-25,3960,208
2286,2023-05-25,1084,331
2287,2023-05-25,5803,127
2288,2023-05-25,3880,178
2289,2023-05-25,900,601
2290,2023-05-25,6451,6
2291,2023-05-25,6425,12
2292,2023-05-25,6549,8
2293,2023-05-25,1043,157
2294,2023-05-25,6286,72
2295,2023-05-25,5404,8
2296,2023-05-26,900,179
2297,2023-05-26,3960,217
2298,2023-05-26,6451,9
2299,2023-05-26,417,72
2300,2023-05-26,6425,16
2301,2023-05-26,968,185
2302,2023-05-26,5404,15
2303,2023-05-26,6523,7
2304,2023-05-26,1043,176
2305,2023-05-26,5403,11
2306,2023-05-26,6286,63
2307,2023-05-26,1084,240
2308,2023-05-26,3880,145
2309,2023-05-26,5803,82
2310,2023-05-27,1043,189
2311,2023-05-27,3960,301
2312,2023-05-27,5404,27
2313,2023-05-27,968,226
2314,2023-05-27,6425,22
2315,2023-05-27,6451,10
2316,2023-05-27,3880,140
2317,2023-05-27,6286,100
2318,2023-05-27,900,517
2319,2023-05-27,6523,12
2320,2023-05-27,5803,95
2321,2023-05-27,417,69
2322,2023-05-27,5403,19
2323,2023-05-27,6549,16
2324,2023-05-27,1084,367
2325,2023-05-28,5404,18
2326,2023-05-28,417,70
2327,2023-05-28,6523,15
2328,2023-05-28,6451,13
2329,2023-05-28,6425,20
2330,2023-05-28,5803,122
2331,2023-05-28,1084,401
2332,2023-05-28,6286,140
2333,2023-05-28,3960,321
2334,2023-05-28,3880,183
2335,2023-05-28,900,861
2336,2023-05-28,6549,13
2337,2023-05-28,1043,192
2338,2023-05-28,5403,14
2339,2023-05-28,968,341
